{
  "passive": [
    {
      "ra": 100
    }
  ], 
  "fitting": [
    {
      "junction_potential": -14.0, 
      "sweeps": [
        38
      ]
    }
  ], 
  "conditions": [
    {
      "celsius": 34, 
      "erev": [
        {
          "ena": 53.0, 
          "section": "soma", 
          "ek": -107.0
        }, 
        {
          "ena": 53.0, 
          "section": "axon", 
          "ek": -107.0
        }, 
        {
          "ena": 53.0, 
          "section": "apic", 
          "ek": -107.0
        }, 
        {
          "ena": 53.0, 
          "section": "dend", 
          "ek": -107.0
        }
      ], 
      "v_init": -90
    }
  ], 
  "genome": [
    {
      "section": "soma", 
      "name": "g_pas", 
      "value": "0.000119174", 
      "mechanism": ""
    }, 
    {
      "section": "soma", 
      "name": "e_pas", 
      "value": "-76.4024", 
      "mechanism": ""
    }, 
    {
      "section": "axon", 
      "name": "g_pas", 
      "value": "0.00147346", 
      "mechanism": ""
    }, 
    {
      "section": "axon", 
      "name": "e_pas", 
      "value": "-64.8595", 
      "mechanism": ""
    }, 
    {
      "section": "apic", 
      "name": "g_pas", 
      "value": "0.00041148", 
      "mechanism": ""
    }, 
    {
      "section": "apic", 
      "name": "e_pas", 
      "value": "-81.3599", 
      "mechanism": ""
    }, 
    {
      "section": "dend", 
      "name": "g_pas", 
      "value": "9.57001e-05", 
      "mechanism": ""
    }, 
    {
      "section": "dend", 
      "name": "e_pas", 
      "value": "-88.2554", 
      "mechanism": ""
    }, 
    {
      "section": "soma", 
      "name": "cm", 
      "value": "4.21567", 
      "mechanism": ""
    }, 
    {
      "section": "soma", 
      "name": "Ra", 
      "value": "133.577", 
      "mechanism": ""
    }, 
    {
      "section": "axon", 
      "name": "cm", 
      "value": "9.0228", 
      "mechanism": ""
    }, 
    {
      "section": "axon", 
      "name": "Ra", 
      "value": "80.3823", 
      "mechanism": ""
    }, 
    {
      "section": "apic", 
      "name": "cm", 
      "value": "8.34542", 
      "mechanism": ""
    }, 
    {
      "section": "apic", 
      "name": "Ra", 
      "value": "136.032", 
      "mechanism": ""
    }, 
    {
      "section": "dend", 
      "name": "cm", 
      "value": "2.11248", 
      "mechanism": ""
    }, 
    {
      "section": "dend", 
      "name": "Ra", 
      "value": "68.355", 
      "mechanism": ""
    }, 
    {
      "section": "axon", 
      "name": "gbar_NaV", 
      "value": "0.035766", 
      "mechanism": "NaV"
    }, 
    {
      "section": "axon", 
      "name": "gbar_K_T", 
      "value": "7.51307e-05", 
      "mechanism": "K_T"
    }, 
    {
      "section": "axon", 
      "name": "gbar_Kd", 
      "value": "0.00700751", 
      "mechanism": "Kd"
    }, 
    {
      "section": "axon", 
      "name": "gbar_Kv2like", 
      "value": "0.0675078", 
      "mechanism": "Kv2like"
    }, 
    {
      "section": "axon", 
      "name": "gbar_Kv3_1", 
      "value": "0.592911", 
      "mechanism": "Kv3_1"
    }, 
    {
      "section": "axon", 
      "name": "gbar_SK", 
      "value": "0.000701147", 
      "mechanism": "SK"
    }, 
    {
      "section": "axon", 
      "name": "gbar_Ca_HVA", 
      "value": "2.17253e-06", 
      "mechanism": "Ca_HVA"
    }, 
    {
      "section": "axon", 
      "name": "gbar_Ca_LVA", 
      "value": "0.00698184", 
      "mechanism": "Ca_LVA"
    }, 
    {
      "section": "axon", 
      "name": "gamma_CaDynamics", 
      "value": "0.0416279", 
      "mechanism": "CaDynamics"
    }, 
    {
      "section": "axon", 
      "name": "decay_CaDynamics", 
      "value": "226.076", 
      "mechanism": "CaDynamics"
    }, 
    {
      "section": "soma", 
      "name": "gbar_NaV", 
      "value": "0.0499779", 
      "mechanism": "NaV"
    }, 
    {
      "section": "soma", 
      "name": "gbar_SK", 
      "value": "0.000733676", 
      "mechanism": "SK"
    }, 
    {
      "section": "soma", 
      "name": "gbar_Kv3_1", 
      "value": "0.186718", 
      "mechanism": "Kv3_1"
    }, 
    {
      "section": "soma", 
      "name": "gbar_Ca_HVA", 
      "value": "9.96973e-05", 
      "mechanism": "Ca_HVA"
    }, 
    {
      "section": "soma", 
      "name": "gbar_Ca_LVA", 
      "value": "0.00344495", 
      "mechanism": "Ca_LVA"
    }, 
    {
      "section": "soma", 
      "name": "gamma_CaDynamics", 
      "value": "0.0177038", 
      "mechanism": "CaDynamics"
    }, 
    {
      "section": "soma", 
      "name": "decay_CaDynamics", 
      "value": "42.2507", 
      "mechanism": "CaDynamics"
    }, 
    {
      "section": "soma", 
      "name": "gbar_Ih", 
      "value": "1.07608e-07", 
      "mechanism": "Ih"
    }, 
    {
      "section": "apic", 
      "name": "gbar_NaV", 
      "value": "0.000375636", 
      "mechanism": "NaV"
    }, 
    {
      "section": "apic", 
      "name": "gbar_Kv3_1", 
      "value": "0.797015", 
      "mechanism": "Kv3_1"
    }, 
    {
      "section": "apic", 
      "name": "gbar_Im_v2", 
      "value": "0.00854163", 
      "mechanism": "Im_v2"
    }, 
    {
      "section": "apic", 
      "name": "gbar_Ih", 
      "value": "7.40408e-07", 
      "mechanism": "Ih"
    }, 
    {
      "section": "dend", 
      "name": "gbar_NaV", 
      "value": "0.0472215", 
      "mechanism": "NaV"
    }, 
    {
      "section": "dend", 
      "name": "gbar_Kv3_1", 
      "value": "0.186859", 
      "mechanism": "Kv3_1"
    }, 
    {
      "section": "dend", 
      "name": "gbar_Im_v2", 
      "value": "0.00132163", 
      "mechanism": "Im_v2"
    }, 
    {
      "section": "dend", 
      "name": "gbar_Ih", 
      "value": "9.18815e-06", 
      "mechanism": "Ih"
    }
  ]
}